{"#favorites": {"meanValue": 1.5762551663763507, "standardDeviationValue": 2.178062325959145}, "#followers": {"meanValue": 7.33691549014225, "standardDeviationValue": 3.0644330747709323}, "#friends": {"meanValue": 1.282802681028018, "standardDeviationValue": 1.751125958812011}, "day": {"meanValue": 2.7480177795695226, "standardDeviationValue": 0.6632717594419171}, "no_entities": {"meanValue": 0.9319896234280267, "standardDeviationValue": 0.6656088927421961}, "no_hashtags": {"meanValue": 0.315216982199976, "standardDeviationValue": 0.5599731785219688}, "no_mentions": {"meanValue": 0.4161799017296082, "standardDeviationValue": 0.6191299451401815}, "no_urls": {"meanValue": 0.2656503485987042, "standardDeviationValue": 0.47415949759834186}, "time": {"meanValue": 2.362241010777547, "standardDeviationValue": 0.8221073519123944}, "follow/friends": {"meanValue": 6.0719605328199515, "standardDeviationValue": 2.4973866984006916}, "friends/favorites": {"meanValue": 0.21009315860176306, "standardDeviationValue": 0.3010885223302741}, "favorites/follow": {"meanValue": 0.030740698309014113, "standardDeviationValue": 0.21235461811348208}, "unique_hashtags": {"meanValue": 1.877683809741191, "standardDeviationValue": 0.43510973613929105}, "hashtags_char": {"meanValue": 0.8741871320063606, "standardDeviationValue": 1.435314625910192}, "keyword_entities": {"meanValue": 0.08956247631921432, "standardDeviationValue": 0.3053618816893123}, "keyword_hashtags": {"meanValue": 0.0736566463376362, "standardDeviationValue": 0.24074867097919875}}